<ImportExportXml xmlns:xsi="http://www.w3.org/2001/XMLSchema-instance">
  <Entities></Entities>
  <Roles></Roles>
  <Workflows></Workflows>
  <FieldSecurityProfiles></FieldSecurityProfiles>
  <Templates />
  <EntityMaps />
  <EntityRelationships />
  <OrganizationSettings />
  <optionsets />
  <CustomControls />
  <EntityDataProviders />
  <CanvasApps>
    <CanvasApp>
      <Name>mg_thesocialmediacollection_5c380</Name>
      <AppVersion>2023-09-14T12:14:44Z</AppVersion>
      <Status>Ready</Status>
      <CreatedByClientVersion>3.23091.14.0</CreatedByClientVersion>
      <MinClientVersion>3.23091.14.0</MinClientVersion>
      <Tags>{"primaryDeviceWidth":"640","primaryDeviceHeight":"64","supportsPortrait":"true","supportsLandscape":"true","primaryFormFactor":"Phone","showStatusBar":"false","publisherVersion":"3.23091.14","minimumRequiredApiVersion":"2.2.0","hasComponent":"true","hasUnlockedComponent":"true","isUnifiedRootApp":"false","sienaVersion":"20230914T082958Z-3.23091.14.0"}</Tags>
      <IsCdsUpgraded>0</IsCdsUpgraded>
      <GalleryItemId xsi:nil="true"></GalleryItemId>
      <BackgroundColor>rgba(255, 255, 255, 1)</BackgroundColor>
      <DisplayName>The Social Media Kit</DisplayName>
      <Description>Collection of components to mimic the look and feel of a Social Media App. Use any of the components you like or modify them to your own use case</Description>
      <CommitMessage xsi:nil="true"></CommitMessage>
      <Publisher xsi:nil="true"></Publisher>
      <AuthorizationReferences>[]</AuthorizationReferences>
      <ConnectionReferences>{"43d6fb97-6cc3-4e70-a9e6-e368e166c62e":{"id":"/providers/microsoft.powerapps/apis/shared_office365users","displayName":"Office 365 Users","iconUri":"https://connectoricons-prod.azureedge.net/u/laborbol/partial-builds/ase-v3/1.0.1653.3402/office365users/icon.png","dataSources":["Office365Users"],"dependencies":[],"dependents":[],"parameterHints":{},"parameterHintsV2":{},"isOnPremiseConnection":false,"bypassConsent":false,"dataSets":{},"apiTier":"Standard"}}</ConnectionReferences>
      <DatabaseReferences>{}</DatabaseReferences>
      <AppComponents>[{"appComponentName":"db3959bf63214c149d274aa4832cd32b","displayName":"Header With Search","description":"This is a standard header component that's themeable.","appName":"a572419d-6d30-457e-bf6d-400d920624b6","appVersion":"2023-09-14T12:14:44Z","appComponentLibraryLogicalName":"mg_thesocialmediacollection_5c380","appDisplayName":"The Social Media Kit","environmentName":"e4cbc6a6-6c14-4d80-a567-20caf1cc8ea0","owner":{"id":"f021e284-d466-4af7-85b8-abcee566a50d","displayName":"Mike Gowland","email":"admin-global@mgowlanddev.onmicrosoft.com","type":"User","tenantId":"f44173b3-932c-4c8f-93ce-6daf8457c0b0","userPrincipalName":"admin-global@mgowlanddev.onmicrosoft.com"},"allowCustomization":true,"createdOn":"2023-08-25T11:05:35.066Z","lastModifiedOn":"2023-09-14T08:30:02.106Z","connectionReferences":{"43d6fb97-6cc3-4e70-a9e6-e368e166c62e":{"id":"/providers/microsoft.powerapps/apis/shared_office365users","dataSources":["Office365Users"],"dependencies":[],"dependents":[],"parameterHints":{},"parameterHintsV2":{},"isOnPremiseConnection":false,"dataSets":{}}},"databaseReferences":{}},{"appComponentName":"e75337d20d2c497aa02e394f0fd2fd0a","displayName":"Toolbar","description":"This is a toolbar component that can be used for navigting different screens","appName":"a572419d-6d30-457e-bf6d-400d920624b6","appVersion":"2023-09-14T12:14:44Z","appComponentLibraryLogicalName":"mg_thesocialmediacollection_5c380","appDisplayName":"The Social Media Kit","environmentName":"e4cbc6a6-6c14-4d80-a567-20caf1cc8ea0","owner":{"id":"f021e284-d466-4af7-85b8-abcee566a50d","displayName":"Mike Gowland","email":"admin-global@mgowlanddev.onmicrosoft.com","type":"User","tenantId":"f44173b3-932c-4c8f-93ce-6daf8457c0b0","userPrincipalName":"admin-global@mgowlanddev.onmicrosoft.com"},"allowCustomization":true,"createdOn":"2023-08-25T11:05:35.066Z","lastModifiedOn":"2023-09-14T08:30:02.106Z","connectionReferences":{"43d6fb97-6cc3-4e70-a9e6-e368e166c62e":{"id":"/providers/microsoft.powerapps/apis/shared_office365users","dataSources":["Office365Users"],"dependencies":[],"dependents":[],"parameterHints":{},"parameterHintsV2":{},"isOnPremiseConnection":false,"dataSets":{}}},"databaseReferences":{}},{"appComponentName":"558ba3c404274d439098957d139bd9e9","displayName":"Instant Messenger","description":"This is a messaing feed component that displays incoming and outgoing messages","appName":"a572419d-6d30-457e-bf6d-400d920624b6","appVersion":"2023-09-14T12:14:44Z","appComponentLibraryLogicalName":"mg_thesocialmediacollection_5c380","appDisplayName":"The Social Media Kit","environmentName":"e4cbc6a6-6c14-4d80-a567-20caf1cc8ea0","owner":{"id":"f021e284-d466-4af7-85b8-abcee566a50d","displayName":"Mike Gowland","email":"admin-global@mgowlanddev.onmicrosoft.com","type":"User","tenantId":"f44173b3-932c-4c8f-93ce-6daf8457c0b0","userPrincipalName":"admin-global@mgowlanddev.onmicrosoft.com"},"allowCustomization":true,"createdOn":"2023-08-25T11:05:35.066Z","lastModifiedOn":"2023-09-14T08:30:02.106Z","connectionReferences":{"43d6fb97-6cc3-4e70-a9e6-e368e166c62e":{"id":"/providers/microsoft.powerapps/apis/shared_office365users","dataSources":["Office365Users"],"dependencies":[],"dependents":[],"parameterHints":{},"parameterHintsV2":{},"isOnPremiseConnection":false,"dataSets":{}}},"databaseReferences":{}},{"appComponentName":"f18ab6e430d4439a87bec0094cb42760","displayName":"Feed","description":"This component displays a feed of information including user, text and image","appName":"a572419d-6d30-457e-bf6d-400d920624b6","appVersion":"2023-09-14T12:14:44Z","appComponentLibraryLogicalName":"mg_thesocialmediacollection_5c380","appDisplayName":"The Social Media Kit","environmentName":"e4cbc6a6-6c14-4d80-a567-20caf1cc8ea0","owner":{"id":"f021e284-d466-4af7-85b8-abcee566a50d","displayName":"Mike Gowland","email":"admin-global@mgowlanddev.onmicrosoft.com","type":"User","tenantId":"f44173b3-932c-4c8f-93ce-6daf8457c0b0","userPrincipalName":"admin-global@mgowlanddev.onmicrosoft.com"},"allowCustomization":true,"createdOn":"2023-08-25T11:05:35.066Z","lastModifiedOn":"2023-09-14T08:30:02.106Z","connectionReferences":{"43d6fb97-6cc3-4e70-a9e6-e368e166c62e":{"id":"/providers/microsoft.powerapps/apis/shared_office365users","dataSources":["Office365Users"],"dependencies":[],"dependents":[],"parameterHints":{},"parameterHintsV2":{},"isOnPremiseConnection":false,"dataSets":{}}},"databaseReferences":{}},{"appComponentName":"d0f05c28949342d79d488789c2d62596","displayName":"Settings","description":"Settings Menu with Toggles, Text Inputs and Drop Downs","appName":"a572419d-6d30-457e-bf6d-400d920624b6","appVersion":"2023-09-14T12:14:44Z","appComponentLibraryLogicalName":"mg_thesocialmediacollection_5c380","appDisplayName":"The Social Media Kit","environmentName":"e4cbc6a6-6c14-4d80-a567-20caf1cc8ea0","owner":{"id":"f021e284-d466-4af7-85b8-abcee566a50d","displayName":"Mike Gowland","email":"admin-global@mgowlanddev.onmicrosoft.com","type":"User","tenantId":"f44173b3-932c-4c8f-93ce-6daf8457c0b0","userPrincipalName":"admin-global@mgowlanddev.onmicrosoft.com"},"allowCustomization":true,"createdOn":"2023-08-25T11:05:35.066Z","lastModifiedOn":"2023-09-14T08:30:02.106Z","connectionReferences":{"43d6fb97-6cc3-4e70-a9e6-e368e166c62e":{"id":"/providers/microsoft.powerapps/apis/shared_office365users","dataSources":["Office365Users"],"dependencies":[],"dependents":[],"parameterHints":{},"parameterHintsV2":{},"isOnPremiseConnection":false,"dataSets":{}}},"databaseReferences":{}},{"appComponentName":"46ba40fd6a1b4c13b231b32b28aca061","displayName":"Header","description":"This is a standard header component that's themeable.Lorem ipsum dolor sit amet, consectetur adipiscing elit, sed do eiusmod tempor incididunt ut labore et dolore magna aliqua. Interdum posuere lorem ipsum dolor sit amet consectetur adipiscing. Aliquam eleifend mi in nulla posuere sollicitudin. Iaculis eu non diam phasellus vestibulum. Platea dictumst vestibulum rhoncus est pellentesque elit ullamcorper dignissim cras. Mauris a diam maecenas sed enim ut sem. Tellus pellentesque eu tincidunt tortor aliquam nulla facilisi cras. Scelerisque felis imperdiet proin fermentum. Quam id leo in vitae. Quam viverra orci sagittis eu volutpat odio. Turpis tincidunt id aliquet risus feugiat in ante. Sit amet volutpat consequat mauris. Nam aliquam sem et tortor consequat id porta nibh venenatis. Porttitor rhoncus dolor purus non enim praesent elementum. Volutpat est velit egestas dui. Amet facilisis magna etiam tempor orci eu. Turpis massa tincidunt dui ut.\n\nPurus viverra accumsan in nisl nisi scelerisque eu ultrices. Consequat interdum varius sit amet mattis. Nulla pellentesque dignissim enim sit amet. Fermentum odio eu feugiat pretium nibh. Lorem ipsum dolor sit amet consectetur adipiscing elit pellentesque habitant. Iaculis at erat pellentesque adipiscing commodo elit at. Enim facilisis grav","appName":"a572419d-6d30-457e-bf6d-400d920624b6","appVersion":"2023-09-14T12:14:44Z","appComponentLibraryLogicalName":"mg_thesocialmediacollection_5c380","appDisplayName":"The Social Media Kit","environmentName":"e4cbc6a6-6c14-4d80-a567-20caf1cc8ea0","owner":{"id":"f021e284-d466-4af7-85b8-abcee566a50d","displayName":"Mike Gowland","email":"admin-global@mgowlanddev.onmicrosoft.com","type":"User","tenantId":"f44173b3-932c-4c8f-93ce-6daf8457c0b0","userPrincipalName":"admin-global@mgowlanddev.onmicrosoft.com"},"allowCustomization":true,"createdOn":"2023-08-25T11:05:35.066Z","lastModifiedOn":"2023-09-14T08:30:02.106Z","connectionReferences":{"43d6fb97-6cc3-4e70-a9e6-e368e166c62e":{"id":"/providers/microsoft.powerapps/apis/shared_office365users","dataSources":["Office365Users"],"dependencies":[],"dependents":[],"parameterHints":{},"parameterHintsV2":{},"isOnPremiseConnection":false,"dataSets":{}}},"databaseReferences":{}},{"appComponentName":"61f7cf6a16844e8b9447622222394f4b","displayName":"Navigation Menu","description":"A navigation menu which can be broken down into categories","appName":"a572419d-6d30-457e-bf6d-400d920624b6","appVersion":"2023-09-14T12:14:44Z","appComponentLibraryLogicalName":"mg_thesocialmediacollection_5c380","appDisplayName":"The Social Media Kit","environmentName":"e4cbc6a6-6c14-4d80-a567-20caf1cc8ea0","owner":{"id":"f021e284-d466-4af7-85b8-abcee566a50d","displayName":"Mike Gowland","email":"admin-global@mgowlanddev.onmicrosoft.com","type":"User","tenantId":"f44173b3-932c-4c8f-93ce-6daf8457c0b0","userPrincipalName":"admin-global@mgowlanddev.onmicrosoft.com"},"allowCustomization":true,"createdOn":"2023-08-25T11:05:35.066Z","lastModifiedOn":"2023-09-14T08:30:02.106Z","connectionReferences":{"43d6fb97-6cc3-4e70-a9e6-e368e166c62e":{"id":"/providers/microsoft.powerapps/apis/shared_office365users","dataSources":["Office365Users"],"dependencies":[],"dependents":[],"parameterHints":{},"parameterHintsV2":{},"isOnPremiseConnection":false,"dataSets":{}}},"databaseReferences":{}}]</AppComponents>
      <AppComponentDependencies>[]</AppComponentDependencies>
      <CanConsumeAppPass>1</CanConsumeAppPass>
      <CanvasAppType>1</CanvasAppType>
      <BypassConsent>0</BypassConsent>
      <AdminControlBypassConsent>0</AdminControlBypassConsent>
      <EmbeddedApp xsi:nil="true"></EmbeddedApp>
      <IntroducedVersion>1.0</IntroducedVersion>
      <CdsDependencies>{"cdsdependencies":[]}</CdsDependencies>
      <IsCustomizable>1</IsCustomizable>
      <BackgroundImageUri>/CanvasApps/mg_thesocialmediacollection_5c380_BackgroundImageUri</BackgroundImageUri>
      <DocumentUri>/CanvasApps/mg_thesocialmediacollection_5c380_DocumentUri.msapp</DocumentUri>
    </CanvasApp>
    <CanvasApp>
      <Name>mg_thesocialmediakitsamplephone_2a1c2</Name>
      <AppVersion>2023-09-15T10:12:13Z</AppVersion>
      <Status>Ready</Status>
      <CreatedByClientVersion>3.23091.14.0</CreatedByClientVersion>
      <MinClientVersion>3.23091.14.0</MinClientVersion>
      <Tags>{"primaryDeviceWidth":"640","primaryDeviceHeight":"1136","supportsPortrait":"true","supportsLandscape":"true","primaryFormFactor":"Phone","showStatusBar":"true","publisherVersion":"3.23091.14","minimumRequiredApiVersion":"2.2.0","hasComponent":"true","hasUnlockedComponent":"false","isUnifiedRootApp":"false","sienaVersion":"20230914T083133Z-3.23091.14.0"}</Tags>
      <IsCdsUpgraded>0</IsCdsUpgraded>
      <GalleryItemId xsi:nil="true"></GalleryItemId>
      <BackgroundColor>RGBA(0,176,240,1)</BackgroundColor>
      <DisplayName>The Social Media Kit - Sample - Phone</DisplayName>
      <Description xsi:nil="true"></Description>
      <CommitMessage xsi:nil="true"></CommitMessage>
      <Publisher xsi:nil="true"></Publisher>
      <AuthorizationReferences>[]</AuthorizationReferences>
      <ConnectionReferences>{"43d6fb97-6cc3-4e70-a9e6-e368e166c62e":{"id":"/providers/microsoft.powerapps/apis/shared_office365users","displayName":"Office 365 Users","iconUri":"https://connectoricons-prod.azureedge.net/u/laborbol/partial-builds/ase-v3/1.0.1653.3402/office365users/icon.png","dataSources":["Office365Users"],"dependencies":[],"dependents":[],"parameterHints":{},"parameterHintsV2":{},"isOnPremiseConnection":false,"bypassConsent":false,"dataSets":{},"apiTier":"Standard","actions":["SearchUser","UserPhoto_V2"]}}</ConnectionReferences>
      <DatabaseReferences>{}</DatabaseReferences>
      <AppComponents>[]</AppComponents>
      <AppComponentDependencies>[{"appComponentName":"558ba3c404274d439098957d139bd9e9","appName":"bea22ff0-4329-47a6-87cb-5ab57066a1de","appComponentLibraryName":"a572419d-6d30-457e-bf6d-400d920624b6","appComponentLibraryVersion":"2023-09-14T12:14:44Z","appComponentLibraryLogicalName":"mg_thesocialmediacollection_5c380","environmentName":"e4cbc6a6-6c14-4d80-a567-20caf1cc8ea0"},{"appComponentName":"d0f05c28949342d79d488789c2d62596","appName":"bea22ff0-4329-47a6-87cb-5ab57066a1de","appComponentLibraryName":"a572419d-6d30-457e-bf6d-400d920624b6","appComponentLibraryVersion":"2023-09-14T12:14:44Z","appComponentLibraryLogicalName":"mg_thesocialmediacollection_5c380","environmentName":"e4cbc6a6-6c14-4d80-a567-20caf1cc8ea0"},{"appComponentName":"db3959bf63214c149d274aa4832cd32b","appName":"bea22ff0-4329-47a6-87cb-5ab57066a1de","appComponentLibraryName":"a572419d-6d30-457e-bf6d-400d920624b6","appComponentLibraryVersion":"2023-09-14T12:14:44Z","appComponentLibraryLogicalName":"mg_thesocialmediacollection_5c380","environmentName":"e4cbc6a6-6c14-4d80-a567-20caf1cc8ea0"},{"appComponentName":"e75337d20d2c497aa02e394f0fd2fd0a","appName":"bea22ff0-4329-47a6-87cb-5ab57066a1de","appComponentLibraryName":"a572419d-6d30-457e-bf6d-400d920624b6","appComponentLibraryVersion":"2023-09-14T12:14:44Z","appComponentLibraryLogicalName":"mg_thesocialmediacollection_5c380","environmentName":"e4cbc6a6-6c14-4d80-a567-20caf1cc8ea0"},{"appComponentName":"f18ab6e430d4439a87bec0094cb42760","appName":"bea22ff0-4329-47a6-87cb-5ab57066a1de","appComponentLibraryName":"a572419d-6d30-457e-bf6d-400d920624b6","appComponentLibraryVersion":"2023-09-14T12:14:44Z","appComponentLibraryLogicalName":"mg_thesocialmediacollection_5c380","environmentName":"e4cbc6a6-6c14-4d80-a567-20caf1cc8ea0"}]</AppComponentDependencies>
      <CanConsumeAppPass>1</CanConsumeAppPass>
      <CanvasAppType>0</CanvasAppType>
      <BypassConsent>0</BypassConsent>
      <AdminControlBypassConsent>0</AdminControlBypassConsent>
      <EmbeddedApp xsi:nil="true"></EmbeddedApp>
      <IntroducedVersion>1.0</IntroducedVersion>
      <CdsDependencies>{"cdsdependencies":[{"logicalname":"mg_thesocialmediacollection_5c380","componenttype":300,"componenttypeplatformname":"CanvasApp"}]}</CdsDependencies>
      <IsCustomizable>1</IsCustomizable>
      <BackgroundImageUri>/CanvasApps/mg_thesocialmediakitsamplephone_2a1c2_BackgroundImageUri</BackgroundImageUri>
      <DocumentUri>/CanvasApps/mg_thesocialmediakitsamplephone_2a1c2_DocumentUri.msapp</DocumentUri>
    </CanvasApp>
  </CanvasApps>
  <Languages>
    <Language>1033</Language>
  </Languages>
</ImportExportXml>